{"cameraMode":{"drawMode":0,"name":"Shaded","section":"Shading Mode"},"sceneLighting":true,"audioPlay":false,"sceneViewState":{"m_AlwaysRefresh":true,"showFog":true,"showSkybox":true,"showFlares":true,"showImageEffects":true,"showParticleSystems":true,"showVisualEffectGraphs":true,"m_FxEnabled":true},"in2DMode":false,"pivot":{"x":10.434707641601563,"y":2.875976324081421,"z":4.281290054321289},"rotation":{"x":-0.30975160002708437,"y":-0.45147666335105898,"z":0.17071080207824708,"w":-0.819196879863739},"size":42.977928161621097,"orthographic":false}